{
  "auc": 0.7456120886214656,
  "pr_auc": 0.509690436597501,
  "ks": 0.3853419836670149,
  "lift_top_decile": 2.9163526752072344,
  "brier": 0.15546570798877948,
  "fairness": [
    {
      "attribute": "SEX",
      "demographic_parity_diff": 0.008971586120330527,
      "equal_opportunity_diff": 0.037649572052889546,
      "auc_by_group": {
        "1": 0.7411611723846124,
        "2": 0.7485241864701805
      },
      "tpr_by_group": {
        "1": 0.3422459893048128,
        "2": 0.37989556135770236
      },
      "selection_rate_by_group": {
        "1": 0.1440466278101582,
        "2": 0.13507504168982767
      }
    },
    {
      "attribute": "AGE_BIN",
      "demographic_parity_diff": 0.0790598086563711,
      "equal_opportunity_diff": 0.15704518583251942,
      "auc_by_group": {
        "18-25": 0.7606865863683476,
        "26-35": 0.7570363310159229,
        "36-45": 0.7302263346652871,
        "46-55": 0.7289291217257318,
        "56-65": 0.7192004612723428,
        "66+": 0.6969696969696969
      },
      "tpr_by_group": {
        "18-25": 0.46938775510204084,
        "26-35": 0.363265306122449,
        "36-45": 0.3123425692695214,
        "46-55": 0.3434343434343434,
        "56-65": 0.46511627906976744,
        "66+": 0.3333333333333333
      },
      "selection_rate_by_group": {
        "18-25": 0.2046936114732725,
        "26-35": 0.12680577849117175,
        "36-45": 0.1256338028169014,
        "46-55": 0.13451776649746192,
        "56-65": 0.17073170731707318,
        "66+": 0.14285714285714285
      }
    },
    {
      "attribute": "EDUCATION",
      "demographic_parity_diff": 0.08955116178380719,
      "equal_opportunity_diff": 0.1978658536585366,
      "auc_by_group": {
        "1": 0.7475648595455359,
        "2": 0.7493400066791037,
        "3": 0.7187953168170229,
        "4": 0.4961038961038961
      },
      "tpr_by_group": {
        "1": 0.3160493827160494,
        "2": 0.3978658536585366,
        "3": 0.3563218390804598,
        "4": 0.2
      },
      "selection_rate_by_group": {
        "1": 0.1,
        "2": 0.16149963950973323,
        "3": 0.16272189349112426,
        "4": 0.07317073170731707
      }
    }
  ],
  "thresholds": {
    "min_auc": 0.74,
    "max_demographic_parity_diff": 0.1,
    "max_equal_opportunity_diff": 0.2
  }
}