{
  "auc": 0.7532241607941597,
  "pr_auc": 0.5183195540497645,
  "ks": 0.3925299355546808,
  "lift_top_decile": 2.931424265259985,
  "brier": 0.15198173602988388,
  "fairness": [
    {
      "attribute": "SEX",
      "demographic_parity_diff": 0.01285685127133726,
      "equal_opportunity_diff": 0.012694135332746936,
      "auc_by_group": {
        "1": 0.7516356006626639,
        "2": 0.7533787209954124
      },
      "tpr_by_group": {
        "1": 0.3672014260249554,
        "2": 0.37989556135770236
      },
      "selection_rate_by_group": {
        "1": 0.1482098251457119,
        "2": 0.13535297387437464
      }
    },
    {
      "attribute": "AGE_BIN",
      "demographic_parity_diff": 0.09470304975922952,
      "equal_opportunity_diff": 0.3176870748299319,
      "auc_by_group": {
        "18-25": 0.7597841238071411,
        "26-35": 0.7573197210952314,
        "36-45": 0.7481446479949403,
        "46-55": 0.7340737887348056,
        "56-65": 0.7607149721314627,
        "66+": 0.7878787878787878
      },
      "tpr_by_group": {
        "18-25": 0.4489795918367347,
        "26-35": 0.3489795918367347,
        "36-45": 0.3602015113350126,
        "46-55": 0.3838383838383838,
        "56-65": 0.3953488372093023,
        "66+": 0.6666666666666666
      },
      "selection_rate_by_group": {
        "18-25": 0.196870925684485,
        "26-35": 0.11958266452648475,
        "36-45": 0.1352112676056338,
        "46-55": 0.15736040609137056,
        "56-65": 0.16463414634146342,
        "66+": 0.21428571428571427
      }
    },
    {
      "attribute": "EDUCATION",
      "demographic_parity_diff": 0.10864963679222592,
      "equal_opportunity_diff": 0.19634146341463415,
      "auc_by_group": {
        "1": 0.754333870101986,
        "2": 0.7542053881941087,
        "3": 0.7338945622363674,
        "4": 0.5844155844155844
      },
      "tpr_by_group": {
        "1": 0.3308641975308642,
        "2": 0.39634146341463417,
        "3": 0.39080459770114945,
        "4": 0.2
      },
      "selection_rate_by_group": {
        "1": 0.10375586854460093,
        "2": 0.16041816870944484,
        "3": 0.16962524654832348,
        "4": 0.06097560975609756
      }
    }
  ],
  "thresholds": {
    "min_auc": 0.74,
    "max_demographic_parity_diff": 0.5,
    "max_equal_opportunity_diff": 0.5
  }
}